{
    "Andorra": [1.6015540000000001, 42.546245],
    "United Arab Emirates": [53.847818000000004, 23.424076],
    "Afghanistan": [67.709953, 33.93911],
    "Antigua and Barbuda": [-61.796428000000006, 17.060816],
    "Albania": [20.168331, 41.153332],
    "Armenia": [45.038189, 40.069099],
    "Netherlands Antilles": [-69.060087, 12.226078999999999],
    "Angola": [17.873887, -11.202691999999999],
    "Argentina": [-63.616671999999994, -38.416097],
    "Austria": [14.550072, 47.516231],
    "Australia": [133.775136, -25.274398],
    "Aruba": [-69.968338, 12.52111],
    "Azerbaijan": [47.576927000000005, 40.143105],
    "Bosnia and Herzegovina": [17.679076000000002, 43.915886],
    "Barbados": [-59.543198, 13.193887],
    "Bangladesh": [90.35633100000001, 23.684994],
    "Belgium": [4.469936, 50.503887],
    "Burkina Faso": [-1.561593, 12.238333],
    "Bulgaria": [25.48583, 42.733883],
    "Bahrain": [50.637772, 25.930414000000003],
    "Burundi": [29.918885999999997, -3.3730559999999996],
    "Benin": [2.315834, 9.30769],
    "Bermuda": [-64.75737, 32.321384],
    "Brunei": [114.72766899999999, 4.535277],
    "Bolivia": [-63.588653, -16.290154],
    "Brazil": [-51.92528, -14.235004],
    "Bhutan": [90.433601, 27.514162],
    "Botswana": [24.684866, -22.328474],
    "Belarus": [27.953389, 53.709807],
    "Belize": [-88.49765, 17.189877],
    "Canada": [-106.34677099999999, 56.130366],
    "Central African Republic": [20.939444, 6.611111],
    "Switzerland": [8.227511999999999, 46.818188],
    "Cook Islands": [-159.777671, -21.236735999999997],
    "Chile": [-71.542969, -35.675146999999996],
    "Cameroon": [12.354722, 7.369722],
    "China": [104.195397, 35.86166],
    "Colombia": [-74.297333, 4.570868],
    "Costa Rica": [-83.753428, 9.748917],
    "Cuba": [-77.78116700000001, 21.521757],
    "Cape Verde": [-24.013197, 16.002082],
    "Cyprus": [33.429859, 35.126413],
    "Czech Republic": [15.472961999999999, 49.817492],
    "Germany": [10.451526, 51.165690999999995],
    "Djibouti": [42.590275, 11.825138],
    "Denmark": [9.501785, 56.26392],
    "Dominica": [-61.370976, 15.414999],
    "Dominican Republic": [-70.162651, 18.735692999999998],
    "Algeria": [1.6596259999999998, 28.033886],
    "Ecuador": [-78.183406, -1.8312389999999998],
    "Estonia": [25.013607, 58.595271999999994],
    "Eritrea": [39.782334000000006, 15.179383999999999],
    "Spain": [-3.7492199999999998, 40.463667],
    "Finland": [25.748151, 61.92411],
    "Fiji": [179.414413, -16.578193],
    "France": [2.213749, 46.227638],
    "Gabon": [11.609444, -0.803689],
    "United Kingdom": [-3.435973, 55.378051],
    "Grenada": [-61.604170999999994, 12.262775999999999],
    "Georgia": [43.356891999999995, 42.315407],
    "French Guiana": [-53.125781999999994, 3.9338889999999997],
    "Ghana": [-1.0231940000000002, 7.946527000000001],
    "Greenland": [-42.604303, 71.706936],
    "Guinea": [-9.696645, 9.945587],
    "Guadeloupe": [-62.067641, 16.995971],
    "Greece": [21.824312, 39.074208],
    "Guatemala": [-90.23075899999999, 15.783470999999999],
    "Guinea-Bissau": [-15.180413, 11.803749],
    "Guyana": [-58.93018000000001, 4.860416000000001],
    "Honduras": [-86.241905, 15.199998999999998],
    "Croatia": [15.2, 45.1],
    "Hungary": [19.503304, 47.162494],
    "Indonesia": [113.921327, -0.789275],
    "Ireland": [-8.243889999999999, 53.41291],
    "Israel": [34.851612, 31.046051000000002],
    "India": [78.96288, 20.593684],
    "Iraq": [43.679291, 33.223191],
    "Iceland": [-19.020835, 64.96305100000001],
    "Italy": [12.56738, 41.87194],
    "Jamaica": [-77.297508, 18.109581],
    "Jordan": [36.238414, 30.585164000000002],
    "Japan": [138.252924, 36.204824],
    "Kenya": [37.906193, -0.023559],
    "Cambodia": [104.990963, 12.565679],
    "Kiribati": [-168.734039, -3.3704169999999998],
    "Comoros": [43.872219, -11.875001],
    "Kuwait": [47.481766, 29.311659999999996],
    "Kazakhstan": [66.923684, 48.019573],
    "Lebanon": [35.862285, 33.854721000000005],
    "Sri Lanka": [80.77179699999999, 7.873054],
    "Lesotho": [28.233608, -29.609988],
    "Lithuania": [23.881275, 55.169438],
    "Luxembourg": [6.129583, 49.815273],
    "Latvia": [24.603189, 56.879635],
    "Libya": [17.228331, 26.3351],
    "Morocco": [-7.09262, 31.791702],
    "Moldova": [28.369884999999996, 47.411631],
    "Montenegro": [19.37439, 42.708678000000006],
    "Madagascar": [46.869107, -18.766947000000002],
    "Mali": [-3.9961660000000006, 17.570692],
    "Mongolia": [103.84665600000001, 46.862496],
    "Martinique": [-61.024174, 14.641528],
    "Mauritania": [-10.940835, 21.00789],
    "Montserrat": [-62.187366000000004, 16.742498],
    "Malta": [14.375416, 35.937496],
    "Mauritius": [57.552152, -20.348404000000002],
    "Maldives": [73.22068, 3.202778],
    "Malawi": [34.301525, -13.254307999999998],
    "Mexico": [-102.552784, 23.634501],
    "Malaysia": [101.97576600000001, 4.210483999999999],
    "Mozambique": [35.529562, -18.665695],
    "Namibia": [18.49041, -22.957639999999998],
    "New Caledonia": [165.618042, -20.904304999999997],
    "Niger": [8.081666, 17.607789],
    "Nigeria": [8.675277000000001, 9.081999],
    "Nicaragua": [-85.207229, 12.865416],
    "Netherlands": [5.291266, 52.132633],
    "Norway": [8.468946, 60.472024],
    "Nepal": [84.12400799999999, 28.394857000000002],
    "New Zealand": [174.88597099999998, -40.900557],
    "Oman": [55.923255000000005, 21.512583],
    "Panama": [-80.782127, 8.537981],
    "Peru": [-75.015152, -9.189967],
    "French Polynesia": [-149.40684299999998, -17.679742],
    "Papua New Guinea": [143.95555, -6.314993],
    "Philippines": [121.77401699999999, 12.879721],
    "Pakistan": [69.345116, 30.375321000000003],
    "Poland": [19.145135999999997, 51.919438],
    "Portugal": [-8.224454, 39.399871999999995],
    "Palau": [134.58252, 7.51498],
    "Paraguay": [-58.44383199999999, -23.442503],
    "Qatar": [51.183884, 25.354826],
    "Romania": [24.96676, 45.943160999999996],
    "Rwanda": [29.873888, -1.940278],
    "Saudi Arabia": [45.079162, 23.885942],
    "Solomon Islands": [160.156194, -9.645710000000001],
    "Seychelles": [55.491977, -4.679574],
    "Sudan": [30.217636, 12.862807],
    "Sweden": [18.643501, 60.128161],
    "Singapore": [103.819836, 1.352083],
    "Slovenia": [14.995463, 46.151241],
    "Sierra Leone": [-11.779889, 8.460555000000001],
    "Senegal": [-14.452361999999999, 14.497401000000002],
    "Suriname": [-56.02778299999999, 3.9193050000000005],
    "El Salvador": [-88.89653, 13.794185],
    "Swaziland": [31.465866, -26.522503000000004],
    "Togo": [0.824782, 8.619543],
    "Thailand": [100.992541, 15.870032],
    "Tajikistan": [71.276093, 38.861034000000004],
    "Turkmenistan": [59.556278000000006, 38.969719],
    "Tunisia": [9.537499, 33.886917],
    "Tonga": [-175.198242, -21.178986],
    "Turkey": [35.243322, 38.963745],
    "Trinidad and Tobago": [-61.222503, 10.691803],
    "Tuvalu": [177.64933, -7.109535],
    "Tanzania": [34.888822, -6.369028],
    "Ukraine": [31.16558, 48.379433],
    "Uganda": [32.290275, 1.373333],
    "United States": [-95.712891, 37.09024],
    "Uruguay": [-55.765834999999996, -32.522779],
    "Venezuela": [-66.58973, 6.42375],
    "Vietnam": [108.277199, 14.058323999999999],
    "Vanuatu": [166.959158, -15.376706],
    "Samoa": [-172.10462900000002, -13.759029],
    "Yemen": [48.516388, 15.552726999999999],
    "Mayotte": [45.166244, -12.8275],
    "South Africa": [22.937506, -30.559482],
    "Zambia": [27.849332, -13.133897],
    "Zimbabwe": [29.154857, -19.015438]
}